Обьем,Категория,Цена,,
30 мл спрей,Люкс,1990,,3240
,Суперлюкс,2490,,
,Селектив,3490,,
50 мл спрей,Люкс,2990,,
,Суперлюкс,3490,,
,Селектив,4990,,
Парфюм для дома,,,,
Парфюм для дома La Sultan 300 мл,,550,,
Парфюм для дома Citrus Rush 300 мл,,550,,
Парфюм для дома Sea Salt 300 мл,,550,,
Крем,,,,
Крем для тела La Sultan 300 мл ,,890,,
Крем для тела Dream Touch 300 мл ,,890,,
Мыло,,,,
Парфюмированное мыло для рук Amber in The Garden,,550,,
Свечи,,,,
Набор из четырех свечей,,1300,,
"Набор свечей "" Три Медведя""",,1100,,
Набор из трех свечей,,1100,,
"Набор свечей ""Дух лошади""",,1100,,
"Аромасвеча гипс ""Ракушка""",,890,,
Аромасвеча в стекле балерина 50 мл,,650,,
Аромасвеча в стекле балерина 100 мл,,890,,
Аромасвеча в стекле балерина 200 мл,,1590,,
"Аромасвеча гипс ""Грут""",,1350,,
Аромадиффузоры,,,,
Аромадиффузор Белый Лотос 100 мл,,1350,,
Аромадиффузор Orange&Cinnamon 100 мл,,1350,,
Аромадиффузор Sapin Mandarin 100 мл,,1350,,
Аромадиффузор Манго 100 мл,,1350,,
Аромадиффузор Black Pepper 100 мл,,1350,,
Аромадиффузор Белый чай 100 мл,,1350,,
Аромадиффузор Cashmere 100 мл,,1350,,
Аромадиффузор La Sultan 100 мл,,1350,,
Аромадиффузор Белый Лотос 100 мл,,1350,,
Твердый парфюм,,,,
Твердый парфюм РО 47 So Sexy,,990,,
Твердый парфюм РО 24 Fleur Narcotic,,990,,
Твердый парфюм РО 6 Hayti,,990,,
Твердый парфюм PO 22 Escentric Molecule 02,,990,,
Твердый парфюм PO 512 Thank U Next,,990,,
Твердый парфюм PO 20 Taj sun-set,,990,,
Твердый парфюм PO 16 Cr-Aventus,,990,,
Твердый парфюм РО 32 Symphony,,990,,
Твердый парфюм РО 31 Limensite,,990,,
Автопарфюм,,,,
Парфюм для машины,,300,,
Пакеты,,,,
Крафт пакет FLUIDE,,50,,
Спрей для волос,,,,
Спрей для волос FLUIDE 200 мл,,650,,